Club Name, First Name, Last Name, Email
Ammonoosuc Valley ATV,firstName574,lastName574,email574@script.net
,firstName879,lastName879,email879@script.net
,firstName168,lastName168,email168@script.net
,firstName949,lastName949,email949@script.net
,firstName491,lastName491,email491@script.net
,firstName833,lastName833,email833@script.net
,firstName293,lastName293,email293@script.net
,firstName223,lastName223,email223@script.net
,firstName546,lastName546,email546@script.net
,firstName80,lastName80,email80@script.net
,firstName101,lastName101,email101@script.net
,firstName618,lastName618,email618@script.net
,firstName393,lastName393,email393@script.net
,firstName581,lastName581,email581@script.net
,firstName781,lastName781,email781@script.net
,firstName608,lastName608,email608@script.net
,firstName805,lastName805,email805@script.net
,firstName655,lastName655,email655@script.net
,firstName580,lastName580,email580@script.net
,firstName755,lastName755,email755@script.net
,firstName971,lastName971,email971@script.net
,firstName410,lastName410,email410@script.net
,ye,ye,ye@ye.ye
,firstName161,lastName161,email161@script.net
,firstName677,lastName677,email677@script.net
,firstName295,lastName295,email295@script.net
,Marcus,Gobis,mg1021@plymouth.edu
,firstName682,lastName682,email682@script.net
,firstName174,lastName174,email174@script.net
,firstName567,lastName567,email567@script.net
,firstName231,lastName231,email231@script.net
,firstName325,lastName325,email325@script.net
,firstName341,lastName341,email341@script.net
,firstName836,lastName836,email836@script.net
,firstName812,lastName812,email812@script.net
,firstName967,lastName967,email967@script.net
,firstName268,lastName268,email268@script.net
,firstName992,lastName992,email992@script.net
,firstName301,lastName301,email301@script.net
,firstName351,lastName351,email351@script.net
,firstName26,lastName26,email26@script.net
,firstName426,lastName426,email426@script.net
,firstName880,lastName880,email880@script.net
,firstName882,lastName882,email882@script.net
,firstName229,lastName229,email229@script.net
,firstName999,lastName999,email999@script.net
,firstName906,lastName906,email906@script.net
,firstName114,lastName114,email114@script.net
,firstName771,lastName771,email771@script.net
,firstName763,lastName763,email763@script.net
,firstName983,lastName983,email983@script.net
,firstName310,lastName310,email310@script.net
,Marcus,Gobis,sibogm@gmail.com
,firstName623,lastName623,email623@script.net
,firstName736,lastName736,email736@script.net

Androscoggin Valley ATV,firstName675,lastName675,email675@script.net
,firstName956,lastName956,email956@script.net
,firstName790,lastName790,email790@script.net
,firstName459,lastName459,email459@script.net
,firstName85,lastName85,email85@script.net
,firstName651,lastName651,email651@script.net
,firstName116,lastName116,email116@script.net
,firstName885,lastName885,email885@script.net
,firstName810,lastName810,email810@script.net
,firstName288,lastName288,email288@script.net
,firstName716,lastName716,email716@script.net
,firstName303,lastName303,email303@script.net
,firstName76,lastName76,email76@script.net
,firstName927,lastName927,email927@script.net
,firstName356,lastName356,email356@script.net
,firstName403,lastName403,email403@script.net
,firstName249,lastName249,email249@script.net
,firstName330,lastName330,email330@script.net
,firstName390,lastName390,email390@script.net
,firstName462,lastName462,email462@script.net
,,,
,firstName606,lastName606,email606@script.net
,firstName423,lastName423,email423@script.net
,firstName610,lastName610,email610@script.net
,firstName89,lastName89,email89@script.net
,firstName670,lastName670,email670@script.net
,firstName707,lastName707,email707@script.net
,Marcus,Gobis,mg1021@plymouth.edu
,firstName911,lastName911,email911@script.net
,firstName876,lastName876,email876@script.net
,firstName233,lastName233,email233@script.net
,firstName554,lastName554,email554@script.net
,firstName218,lastName218,email218@script.net
,firstName628,lastName628,email628@script.net
,firstName838,lastName838,email838@script.net
,firstName552,lastName552,email552@script.net
,firstName542,lastName542,email542@script.net
,firstName852,lastName852,email852@script.net
,firstName568,lastName568,email568@script.net
,firstName179,lastName179,email179@script.net
,firstName252,lastName252,email252@script.net
,firstName756,lastName756,email756@script.net
,firstName84,lastName84,email84@script.net
,firstName908,lastName908,email908@script.net
,firstName91,lastName91,email91@script.net
,firstName609,lastName609,email609@script.net
,firstName579,lastName579,email579@script.net
,firstName557,lastName557,email557@script.net
,firstName172,lastName172,email172@script.net
,firstName79,lastName79,email79@script.net
,firstName620,lastName620,email620@script.net
,firstName597,lastName597,email597@script.net
,Marcus,Gobis,sibogm@gmail.com
,firstName685,lastName685,email685@script.net
,firstName787,lastName787,email787@script.net
,firstName445,lastName445,email445@script.net
,firstName803,lastName803,email803@script.net
,firstName788,lastName788,email788@script.net
,firstName650,lastName650,email650@script.net

Boundtree ATV,firstName954,lastName954,email954@script.net
,firstName666,lastName666,email666@script.net
,firstName984,lastName984,email984@script.net
,firstName751,lastName751,email751@script.net
,firstName127,lastName127,email127@script.net
,firstName320,lastName320,email320@script.net
,firstName861,lastName861,email861@script.net
,firstName92,lastName92,email92@script.net
,firstName216,lastName216,email216@script.net
,firstName701,lastName701,email701@script.net
,firstName169,lastName169,email169@script.net
,firstName540,lastName540,email540@script.net
,firstName350,lastName350,email350@script.net
,firstName683,lastName683,email683@script.net
,firstName501,lastName501,email501@script.net
,firstName318,lastName318,email318@script.net
,firstName125,lastName125,email125@script.net
,firstName62,lastName62,email62@script.net
,firstName321,lastName321,email321@script.net
,firstName366,lastName366,email366@script.net
,firstName532,lastName532,email532@script.net
,firstName754,lastName754,email754@script.net
,firstName714,lastName714,email714@script.net
,firstName209,lastName209,email209@script.net
,firstName20,lastName20,email20@script.net
,firstName364,lastName364,email364@script.net
,firstName141,lastName141,email141@script.net
,firstName981,lastName981,email981@script.net
,firstName599,lastName599,email599@script.net
,firstName87,lastName87,email87@script.net
,firstName43,lastName43,email43@script.net
,firstName564,lastName564,email564@script.net
,firstName730,lastName730,email730@script.net
,firstName315,lastName315,email315@script.net
,firstName247,lastName247,email247@script.net
,firstName201,lastName201,email201@script.net
,firstName693,lastName693,email693@script.net
,firstName775,lastName775,email775@script.net
,firstName102,lastName102,email102@script.net
,firstName794,lastName794,email794@script.net
,firstName758,lastName758,email758@script.net
,firstName378,lastName378,email378@script.net
,firstName380,lastName380,email380@script.net
,firstName929,lastName929,email929@script.net
,firstName81,lastName81,email81@script.net
,firstName61,lastName61,email61@script.net
,firstName910,lastName910,email910@script.net
,firstName265,lastName265,email265@script.net
,firstName163,lastName163,email163@script.net
,firstName921,lastName921,email921@script.net
,firstName57,lastName57,email57@script.net
,firstName363,lastName363,email363@script.net
,firstName226,lastName226,email226@script.net

Contoocook Valley ATV,firstName156,lastName156,email156@script.net
,firstName598,lastName598,email598@script.net
,firstName975,lastName975,email975@script.net
,firstName347,lastName347,email347@script.net
,firstName258,lastName258,email258@script.net
,firstName230,lastName230,email230@script.net
,firstName688,lastName688,email688@script.net
,firstName324,lastName324,email324@script.net
,firstName571,lastName571,email571@script.net
,firstName228,lastName228,email228@script.net
,firstName735,lastName735,email735@script.net
,firstName614,lastName614,email614@script.net
,firstName503,lastName503,email503@script.net
,firstName263,lastName263,email263@script.net
,firstName972,lastName972,email972@script.net
,firstName373,lastName373,email373@script.net
,firstName335,lastName335,email335@script.net
,firstName290,lastName290,email290@script.net
,firstName257,lastName257,email257@script.net
,firstName792,lastName792,email792@script.net
,firstName248,lastName248,email248@script.net
,firstName842,lastName842,email842@script.net
,firstName240,lastName240,email240@script.net
,firstName635,lastName635,email635@script.net
,firstName239,lastName239,email239@script.net
,firstName878,lastName878,email878@script.net
,firstName748,lastName748,email748@script.net
,firstName178,lastName178,email178@script.net
,firstName783,lastName783,email783@script.net
,firstName412,lastName412,email412@script.net
,firstName54,lastName54,email54@script.net
,firstName665,lastName665,email665@script.net
,firstName616,lastName616,email616@script.net
,firstName238,lastName238,email238@script.net
,firstName820,lastName820,email820@script.net
,firstName653,lastName653,email653@script.net
,firstName887,lastName887,email887@script.net
,firstName302,lastName302,email302@script.net
,firstName443,lastName443,email443@script.net
,firstName854,lastName854,email854@script.net
,firstName457,lastName457,email457@script.net
,firstName66,lastName66,email66@script.net
,firstName281,lastName281,email281@script.net
,firstName270,lastName270,email270@script.net
,firstName529,lastName529,email529@script.net
,firstName848,lastName848,email848@script.net
,firstName19,lastName19,email19@script.net
,firstName519,lastName519,email519@script.net
,firstName97,lastName97,email97@script.net
,firstName110,lastName110,email110@script.net
,firstName584,lastName584,email584@script.net
,firstName339,lastName339,email339@script.net

Great North Woods Riders ATV Club,firstName658,lastName658,email658@script.net
,firstName622,lastName622,email622@script.net
,firstName569,lastName569,email569@script.net
,firstName490,lastName490,email490@script.net
,firstName853,lastName853,email853@script.net
,firstName920,lastName920,email920@script.net
,firstName617,lastName617,email617@script.net
,firstName517,lastName517,email517@script.net
,firstName64,lastName64,email64@script.net
,firstName562,lastName562,email562@script.net
,firstName434,lastName434,email434@script.net
,firstName154,lastName154,email154@script.net
,firstName160,lastName160,email160@script.net
,firstName253,lastName253,email253@script.net
,firstName662,lastName662,email662@script.net
,firstName993,lastName993,email993@script.net
,firstName185,lastName185,email185@script.net
,firstName518,lastName518,email518@script.net
,firstName859,lastName859,email859@script.net
,firstName673,lastName673,email673@script.net
,firstName479,lastName479,email479@script.net
,firstName687,lastName687,email687@script.net
,firstName353,lastName353,email353@script.net
,firstName590,lastName590,email590@script.net
,Marcus,Gobis,mg1021@plymouth.edu
,firstName86,lastName86,email86@script.net
,firstName498,lastName498,email498@script.net
,firstName4,lastName4,email4@script.net
,firstName24,lastName24,email24@script.net
,firstName35,lastName35,email35@script.net
,firstName176,lastName176,email176@script.net
,firstName659,lastName659,email659@script.net
,firstName131,lastName131,email131@script.net
,firstName534,lastName534,email534@script.net
,firstName473,lastName473,email473@script.net
,firstName204,lastName204,email204@script.net
,firstName144,lastName144,email144@script.net
,firstName55,lastName55,email55@script.net
,firstName847,lastName847,email847@script.net
,firstName304,lastName304,email304@script.net
,firstName909,lastName909,email909@script.net
,firstName34,lastName34,email34@script.net
,firstName289,lastName289,email289@script.net
,firstName821,lastName821,email821@script.net
,firstName559,lastName559,email559@script.net
,firstName471,lastName471,email471@script.net
,firstName875,lastName875,email875@script.net
,firstName904,lastName904,email904@script.net
,firstName558,lastName558,email558@script.net
,firstName550,lastName550,email550@script.net
,firstName495,lastName495,email495@script.net
,firstName52,lastName52,email52@script.net
,firstName976,lastName976,email976@script.net

Jefferson OHRV,firstName369,lastName369,email369@script.net
,firstName323,lastName323,email323@script.net
,firstName333,lastName333,email333@script.net
,firstName765,lastName765,email765@script.net
,firstName626,lastName626,email626@script.net
,firstName917,lastName917,email917@script.net
,firstName897,lastName897,email897@script.net
,firstName786,lastName786,email786@script.net
,firstName191,lastName191,email191@script.net
,firstName892,lastName892,email892@script.net
,firstName429,lastName429,email429@script.net
,firstName951,lastName951,email951@script.net
,firstName888,lastName888,email888@script.net
,firstName522,lastName522,email522@script.net
,firstName266,lastName266,email266@script.net
,firstName627,lastName627,email627@script.net
,firstName566,lastName566,email566@script.net
,firstName388,lastName388,email388@script.net
,firstName94,lastName94,email94@script.net
,firstName551,lastName551,email551@script.net
,firstName585,lastName585,email585@script.net
,firstName474,lastName474,email474@script.net
,firstName980,lastName980,email980@script.net
,firstName331,lastName331,email331@script.net
,firstName194,lastName194,email194@script.net
,firstName538,lastName538,email538@script.net
,firstName945,lastName945,email945@script.net
,firstName761,lastName761,email761@script.net
,firstName947,lastName947,email947@script.net
,firstName137,lastName137,email137@script.net
,firstName45,lastName45,email45@script.net
,firstName311,lastName311,email311@script.net
,firstName996,lastName996,email996@script.net
,firstName147,lastName147,email147@script.net
,firstName593,lastName593,email593@script.net
,firstName439,lastName439,email439@script.net
,firstName296,lastName296,email296@script.net
,firstName708,lastName708,email708@script.net
,firstName998,lastName998,email998@script.net
,firstName316,lastName316,email316@script.net
,firstName939,lastName939,email939@script.net
,firstName482,lastName482,email482@script.net
,firstName367,lastName367,email367@script.net
,firstName903,lastName903,email903@script.net
,firstName671,lastName671,email671@script.net
,firstName710,lastName710,email710@script.net
,firstName250,lastName250,email250@script.net
,firstName647,lastName647,email647@script.net
,Marcus,Gobis,sibogm@gmail.com
,firstName667,lastName667,email667@script.net
,firstName332,lastName332,email332@script.net
,firstName242,lastName242,email242@script.net
,firstName450,lastName450,email450@script.net

Kilkenny Trail Riders,firstName49,lastName49,email49@script.net
,firstName779,lastName779,email779@script.net
,firstName407,lastName407,email407@script.net
,firstName11,lastName11,email11@script.net
,firstName23,lastName23,email23@script.net
,firstName916,lastName916,email916@script.net
,firstName950,lastName950,email950@script.net
,firstName343,lastName343,email343@script.net
,firstName867,lastName867,email867@script.net
,firstName396,lastName396,email396@script.net
,firstName785,lastName785,email785@script.net
,firstName697,lastName697,email697@script.net
,firstName816,lastName816,email816@script.net
,firstName82,lastName82,email82@script.net
,firstName500,lastName500,email500@script.net
,firstName254,lastName254,email254@script.net
,firstName965,lastName965,email965@script.net
,firstName738,lastName738,email738@script.net
,firstName987,lastName987,email987@script.net
,firstName898,lastName898,email898@script.net
,firstName604,lastName604,email604@script.net
,firstName973,lastName973,email973@script.net
,firstName31,lastName31,email31@script.net
,firstName768,lastName768,email768@script.net
,firstName938,lastName938,email938@script.net
,firstName799,lastName799,email799@script.net
,firstName656,lastName656,email656@script.net
,Marcus,Gobis,mg1021@plymouth.edu
,firstName104,lastName104,email104@script.net
,firstName499,lastName499,email499@script.net
,firstName472,lastName472,email472@script.net
,firstName397,lastName397,email397@script.net
,firstName749,lastName749,email749@script.net
,firstName512,lastName512,email512@script.net
,firstName813,lastName813,email813@script.net
,firstName661,lastName661,email661@script.net
,firstName451,lastName451,email451@script.net
,firstName994,lastName994,email994@script.net
,firstName937,lastName937,email937@script.net
,firstName377,lastName377,email377@script.net
,firstName553,lastName553,email553@script.net
,firstName539,lastName539,email539@script.net
,firstName119,lastName119,email119@script.net
,firstName729,lastName729,email729@script.net
,firstName16,lastName16,email16@script.net
,firstName639,lastName639,email639@script.net
,firstName602,lastName602,email602@script.net
,firstName943,lastName943,email943@script.net
,firstName625,lastName625,email625@script.net
,firstName694,lastName694,email694@script.net
,firstName974,lastName974,email974@script.net
,firstName25,lastName25,email25@script.net
,firstName797,lastName797,email797@script.net
,firstName691,lastName691,email691@script.net

Merrimack Valley Trail Riders,firstName352,lastName352,email352@script.net
,firstName826,lastName826,email826@script.net
,firstName930,lastName930,email930@script.net
,firstName837,lastName837,email837@script.net
,firstName1000,lastName1000,email1000@script.net
,firstName654,lastName654,email654@script.net
,firstName354,lastName354,email354@script.net
,firstName986,lastName986,email986@script.net
,firstName923,lastName923,email923@script.net
,firstName733,lastName733,email733@script.net
,firstName276,lastName276,email276@script.net
,firstName277,lastName277,email277@script.net
,firstName180,lastName180,email180@script.net
,firstName107,lastName107,email107@script.net
,firstName869,lastName869,email869@script.net
,firstName167,lastName167,email167@script.net
,firstName130,lastName130,email130@script.net
,firstName746,lastName746,email746@script.net
,firstName766,lastName766,email766@script.net
,firstName629,lastName629,email629@script.net
,firstName856,lastName856,email856@script.net
,firstName386,lastName386,email386@script.net
,firstName309,lastName309,email309@script.net
,firstName726,lastName726,email726@script.net
,firstName484,lastName484,email484@script.net
,firstName108,lastName108,email108@script.net
,firstName681,lastName681,email681@script.net
,firstName743,lastName743,email743@script.net
,firstName704,lastName704,email704@script.net
,firstName196,lastName196,email196@script.net
,firstName660,lastName660,email660@script.net
,firstName358,lastName358,email358@script.net
,firstName834,lastName834,email834@script.net
,firstName612,lastName612,email612@script.net
,firstName561,lastName561,email561@script.net
,firstName523,lastName523,email523@script.net
,firstName183,lastName183,email183@script.net
,firstName384,lastName384,email384@script.net
,firstName409,lastName409,email409@script.net
,firstName420,lastName420,email420@script.net
,firstName800,lastName800,email800@script.net
,firstName740,lastName740,email740@script.net
,firstName222,lastName222,email222@script.net
,firstName961,lastName961,email961@script.net
,firstName463,lastName463,email463@script.net
,firstName115,lastName115,email115@script.net
,firstName672,lastName672,email672@script.net
,firstName478,lastName478,email478@script.net
,firstName696,lastName696,email696@script.net
,firstName164,lastName164,email164@script.net

Metallak ATV Club,firstName357,lastName357,email357@script.net
,firstName721,lastName721,email721@script.net
,firstName46,lastName46,email46@script.net
,firstName299,lastName299,email299@script.net
,firstName901,lastName901,email901@script.net
,firstName152,lastName152,email152@script.net
,firstName544,lastName544,email544@script.net
,firstName15,lastName15,email15@script.net
,firstName953,lastName953,email953@script.net
,firstName725,lastName725,email725@script.net
,firstName405,lastName405,email405@script.net
,firstName275,lastName275,email275@script.net
,firstName461,lastName461,email461@script.net
,firstName404,lastName404,email404@script.net
,firstName448,lastName448,email448@script.net
,firstName69,lastName69,email69@script.net
,firstName831,lastName831,email831@script.net
,firstName467,lastName467,email467@script.net
,firstName374,lastName374,email374@script.net
,firstName915,lastName915,email915@script.net
,firstName440,lastName440,email440@script.net
,firstName527,lastName527,email527@script.net
,firstName652,lastName652,email652@script.net
,firstName814,lastName814,email814@script.net
,firstName752,lastName752,email752@script.net
,firstName717,lastName717,email717@script.net
,firstName706,lastName706,email706@script.net
,firstName508,lastName508,email508@script.net
,firstName56,lastName56,email56@script.net
,firstName941,lastName941,email941@script.net
,firstName151,lastName151,email151@script.net
,firstName398,lastName398,email398@script.net
,firstName317,lastName317,email317@script.net
,firstName67,lastName67,email67@script.net
,firstName894,lastName894,email894@script.net
,firstName106,lastName106,email106@script.net
,firstName392,lastName392,email392@script.net
,firstName455,lastName455,email455@script.net
,firstName121,lastName121,email121@script.net
,firstName615,lastName615,email615@script.net
,firstName844,lastName844,email844@script.net
,firstName328,lastName328,email328@script.net
,firstName817,lastName817,email817@script.net
,firstName989,lastName989,email989@script.net
,firstName872,lastName872,email872@script.net
,firstName142,lastName142,email142@script.net
,firstName924,lastName924,email924@script.net
,firstName78,lastName78,email78@script.net

Milan Trail Huggers,firstName770,lastName770,email770@script.net
,firstName3,lastName3,email3@script.net
,firstName162,lastName162,email162@script.net
,firstName804,lastName804,email804@script.net
,firstName902,lastName902,email902@script.net
,firstName437,lastName437,email437@script.net
,firstName469,lastName469,email469@script.net
,firstName7,lastName7,email7@script.net
,firstName845,lastName845,email845@script.net
,firstName225,lastName225,email225@script.net
,firstName819,lastName819,email819@script.net
,firstName734,lastName734,email734@script.net
,firstName208,lastName208,email208@script.net
,firstName279,lastName279,email279@script.net
,firstName769,lastName769,email769@script.net
,firstName342,lastName342,email342@script.net
,firstName525,lastName525,email525@script.net
,firstName990,lastName990,email990@script.net
,firstName633,lastName633,email633@script.net
,firstName720,lastName720,email720@script.net
,firstName212,lastName212,email212@script.net
,firstName890,lastName890,email890@script.net
,firstName549,lastName549,email549@script.net
,firstName591,lastName591,email591@script.net
,firstName891,lastName891,email891@script.net
,firstName312,lastName312,email312@script.net
,firstName413,lastName413,email413@script.net
,firstName206,lastName206,email206@script.net
,firstName133,lastName133,email133@script.net
,firstName470,lastName470,email470@script.net
,firstName492,lastName492,email492@script.net
,firstName29,lastName29,email29@script.net
,firstName575,lastName575,email575@script.net
,firstName193,lastName193,email193@script.net
,firstName689,lastName689,email689@script.net
,firstName676,lastName676,email676@script.net
,firstName98,lastName98,email98@script.net
,firstName824,lastName824,email824@script.net
,firstName173,lastName173,email173@script.net
,firstName912,lastName912,email912@script.net
,firstName195,lastName195,email195@script.net
,firstName90,lastName90,email90@script.net
,firstName866,lastName866,email866@script.net
,firstName900,lastName900,email900@script.net
,firstName153,lastName153,email153@script.net
,firstName827,lastName827,email827@script.net
,firstName234,lastName234,email234@script.net
,firstName724,lastName724,email724@script.net
,firstName526,lastName526,email526@script.net
,firstName862,lastName862,email862@script.net
,firstName297,lastName297,email297@script.net
,firstName742,lastName742,email742@script.net

Millsfield ATV,firstName109,lastName109,email109@script.net
,firstName935,lastName935,email935@script.net
,firstName394,lastName394,email394@script.net
,firstName835,lastName835,email835@script.net
,firstName918,lastName918,email918@script.net
,firstName283,lastName283,email283@script.net
,firstName370,lastName370,email370@script.net
,firstName936,lastName936,email936@script.net
,firstName322,lastName322,email322@script.net
,firstName271,lastName271,email271@script.net
,firstName807,lastName807,email807@script.net
,firstName565,lastName565,email565@script.net
,firstName619,lastName619,email619@script.net
,firstName150,lastName150,email150@script.net
,firstName259,lastName259,email259@script.net
,firstName857,lastName857,email857@script.net
,firstName958,lastName958,email958@script.net
,firstName334,lastName334,email334@script.net
,firstName776,lastName776,email776@script.net
,firstName782,lastName782,email782@script.net
,firstName72,lastName72,email72@script.net
,firstName359,lastName359,email359@script.net
,firstName155,lastName155,email155@script.net
,firstName594,lastName594,email594@script.net
,firstName828,lastName828,email828@script.net
,firstName680,lastName680,email680@script.net
,firstName703,lastName703,email703@script.net
,firstName483,lastName483,email483@script.net
,firstName815,lastName815,email815@script.net
,firstName695,lastName695,email695@script.net
,firstName454,lastName454,email454@script.net
,firstName678,lastName678,email678@script.net
,firstName387,lastName387,email387@script.net
,firstName203,lastName203,email203@script.net
,firstName489,lastName489,email489@script.net
,firstName588,lastName588,email588@script.net
,firstName745,lastName745,email745@script.net
,firstName537,lastName537,email537@script.net
,firstName644,lastName644,email644@script.net
,firstName962,lastName962,email962@script.net
,firstName224,lastName224,email224@script.net
,firstName516,lastName516,email516@script.net
,firstName211,lastName211,email211@script.net
,firstName214,lastName214,email214@script.net
,firstName260,lastName260,email260@script.net
,firstName442,lastName442,email442@script.net
,firstName577,lastName577,email577@script.net
,firstName282,lastName282,email282@script.net
,firstName843,lastName843,email843@script.net
,firstName631,lastName631,email631@script.net
,firstName213,lastName213,email213@script.net
,firstName269,lastName269,email269@script.net
,firstName146,lastName146,email146@script.net
,firstName314,lastName314,email314@script.net

Mount Moosilauke ATV,firstName360,lastName360,email360@script.net
,firstName136,lastName136,email136@script.net
,firstName202,lastName202,email202@script.net
,firstName417,lastName417,email417@script.net
,firstName995,lastName995,email995@script.net
,firstName355,lastName355,email355@script.net
,firstName642,lastName642,email642@script.net
,firstName186,lastName186,email186@script.net
,firstName368,lastName368,email368@script.net
,firstName447,lastName447,email447@script.net
,firstName408,lastName408,email408@script.net
,firstName63,lastName63,email63@script.net
,firstName587,lastName587,email587@script.net
,firstName600,lastName600,email600@script.net
,firstName382,lastName382,email382@script.net
,firstName278,lastName278,email278@script.net
,firstName219,lastName219,email219@script.net
,firstName851,lastName851,email851@script.net
,firstName251,lastName251,email251@script.net
,firstName292,lastName292,email292@script.net
,firstName576,lastName576,email576@script.net
,firstName171,lastName171,email171@script.net
,firstName570,lastName570,email570@script.net
,firstName415,lastName415,email415@script.net
,firstName5,lastName5,email5@script.net
,firstName338,lastName338,email338@script.net
,firstName177,lastName177,email177@script.net
,firstName419,lastName419,email419@script.net
,firstName28,lastName28,email28@script.net
,firstName129,lastName129,email129@script.net
,firstName713,lastName713,email713@script.net
,firstName855,lastName855,email855@script.net
,firstName868,lastName868,email868@script.net
,firstName449,lastName449,email449@script.net
,firstName969,lastName969,email969@script.net
,firstName825,lastName825,email825@script.net
,firstName624,lastName624,email624@script.net
,firstName389,lastName389,email389@script.net
,firstName648,lastName648,email648@script.net
,firstName44,lastName44,email44@script.net
,firstName583,lastName583,email583@script.net
,firstName466,lastName466,email466@script.net
,firstName791,lastName791,email791@script.net
,firstName718,lastName718,email718@script.net
,firstName365,lastName365,email365@script.net
,firstName893,lastName893,email893@script.net
,firstName774,lastName774,email774@script.net
,firstName944,lastName944,email944@script.net
,firstName488,lastName488,email488@script.net
,firstName430,lastName430,email430@script.net
,firstName427,lastName427,email427@script.net
,firstName207,lastName207,email207@script.net
,firstName215,lastName215,email215@script.net
,firstName895,lastName895,email895@script.net
,firstName187,lastName187,email187@script.net

New Hampshire ATV,firstName280,lastName280,email280@script.net
,firstName475,lastName475,email475@script.net
,firstName32,lastName32,email32@script.net
,firstName37,lastName37,email37@script.net
,firstName764,lastName764,email764@script.net
,firstName926,lastName926,email926@script.net
,firstName424,lastName424,email424@script.net
,firstName48,lastName48,email48@script.net
,firstName873,lastName873,email873@script.net
,firstName371,lastName371,email371@script.net
,firstName313,lastName313,email313@script.net
,firstName237,lastName237,email237@script.net
,firstName73,lastName73,email73@script.net
,firstName294,lastName294,email294@script.net
,firstName421,lastName421,email421@script.net
,firstName592,lastName592,email592@script.net
,firstName18,lastName18,email18@script.net
,firstName636,lastName636,email636@script.net
,firstName93,lastName93,email93@script.net
,firstName514,lastName514,email514@script.net
,firstName71,lastName71,email71@script.net
,firstName60,lastName60,email60@script.net
,firstName220,lastName220,email220@script.net
,firstName573,lastName573,email573@script.net
,firstName453,lastName453,email453@script.net
,firstName684,lastName684,email684@script.net
,firstName762,lastName762,email762@script.net
,firstName446,lastName446,email446@script.net
,Marcus,Gobis,mg1021@plymouth.edu
,firstName138,lastName138,email138@script.net
,firstName406,lastName406,email406@script.net
,firstName123,lastName123,email123@script.net
,firstName548,lastName548,email548@script.net
,firstName692,lastName692,email692@script.net
,firstName375,lastName375,email375@script.net
,firstName126,lastName126,email126@script.net
,firstName402,lastName402,email402@script.net
,firstName952,lastName952,email952@script.net
,firstName925,lastName925,email925@script.net
,firstName487,lastName487,email487@script.net
,firstName329,lastName329,email329@script.net
,firstName456,lastName456,email456@script.net
,firstName727,lastName727,email727@script.net
,firstName699,lastName699,email699@script.net
,firstName543,lastName543,email543@script.net
,firstName744,lastName744,email744@script.net
,firstName970,lastName970,email970@script.net
,firstName285,lastName285,email285@script.net
,firstName700,lastName700,email700@script.net
,firstName327,lastName327,email327@script.net
,firstName822,lastName822,email822@script.net
,firstName750,lastName750,email750@script.net
,firstName753,lastName753,email753@script.net
,firstName809,lastName809,email809@script.net
,firstName140,lastName140,email140@script.net

North Country ATV,firstName99,lastName99,email99@script.net
,firstName199,lastName199,email199@script.net
,firstName245,lastName245,email245@script.net
,firstName68,lastName68,email68@script.net
,firstName100,lastName100,email100@script.net
,firstName737,lastName737,email737@script.net
,firstName272,lastName272,email272@script.net
,firstName520,lastName520,email520@script.net
,firstName674,lastName674,email674@script.net
,firstName603,lastName603,email603@script.net
,firstName264,lastName264,email264@script.net
,firstName919,lastName919,email919@script.net
,firstName850,lastName850,email850@script.net
,firstName607,lastName607,email607@script.net
,firstName221,lastName221,email221@script.net
,firstName132,lastName132,email132@script.net
,firstName441,lastName441,email441@script.net
,firstName436,lastName436,email436@script.net
,firstName601,lastName601,email601@script.net
,firstName806,lastName806,email806@script.net
,firstName931,lastName931,email931@script.net
,firstName319,lastName319,email319@script.net
,firstName933,lastName933,email933@script.net
,firstName88,lastName88,email88@script.net
,firstName232,lastName232,email232@script.net
,firstName728,lastName728,email728@script.net
,firstName139,lastName139,email139@script.net
,firstName705,lastName705,email705@script.net
,firstName13,lastName13,email13@script.net
,firstName711,lastName711,email711@script.net
,firstName267,lastName267,email267@script.net
,firstName134,lastName134,email134@script.net
,firstName883,lastName883,email883@script.net
,firstName860,lastName860,email860@script.net
,firstName38,lastName38,email38@script.net
,firstName668,lastName668,email668@script.net
,firstName578,lastName578,email578@script.net
,firstName464,lastName464,email464@script.net
,firstName731,lastName731,email731@script.net
,firstName58,lastName58,email58@script.net
,firstName732,lastName732,email732@script.net
,firstName801,lastName801,email801@script.net
,firstName346,lastName346,email346@script.net
,firstName957,lastName957,email957@script.net
,firstName632,lastName632,email632@script.net
,firstName395,lastName395,email395@script.net
,firstName506,lastName506,email506@script.net
,firstName760,lastName760,email760@script.net
,firstName643,lastName643,email643@script.net
,firstName547,lastName547,email547@script.net
,firstName864,lastName864,email864@script.net
,firstName385,lastName385,email385@script.net
,firstName36,lastName36,email36@script.net
,firstName291,lastName291,email291@script.net
,firstName414,lastName414,email414@script.net
,firstName143,lastName143,email143@script.net
,firstName47,lastName47,email47@script.net
,firstName907,lastName907,email907@script.net
,firstName182,lastName182,email182@script.net
,firstName940,lastName940,email940@script.net

Presidential OHRV Club,firstName914,lastName914,email914@script.net
,firstName613,lastName613,email613@script.net
,firstName74,lastName74,email74@script.net
,firstName128,lastName128,email128@script.net
,firstName541,lastName541,email541@script.net
,firstName432,lastName432,email432@script.net
,firstName510,lastName510,email510@script.net
,firstName184,lastName184,email184@script.net
,firstName511,lastName511,email511@script.net
,firstName435,lastName435,email435@script.net
,firstName148,lastName148,email148@script.net
,firstName922,lastName922,email922@script.net
,firstName712,lastName712,email712@script.net
,firstName877,lastName877,email877@script.net
,firstName829,lastName829,email829@script.net
,firstName157,lastName157,email157@script.net
,firstName372,lastName372,email372@script.net
,firstName170,lastName170,email170@script.net
,firstName524,lastName524,email524@script.net
,firstName149,lastName149,email149@script.net
,firstName964,lastName964,email964@script.net
,firstName881,lastName881,email881@script.net
,firstName988,lastName988,email988@script.net
,firstName77,lastName77,email77@script.net
,firstName300,lastName300,email300@script.net
,firstName560,lastName560,email560@script.net
,firstName190,lastName190,email190@script.net
,firstName70,lastName70,email70@script.net
,firstName502,lastName502,email502@script.net
,firstName452,lastName452,email452@script.net
,firstName605,lastName605,email605@script.net
,firstName227,lastName227,email227@script.net
,firstName112,lastName112,email112@script.net
,firstName217,lastName217,email217@script.net
,firstName236,lastName236,email236@script.net
,firstName391,lastName391,email391@script.net
,firstName830,lastName830,email830@script.net
,firstName349,lastName349,email349@script.net
,firstName477,lastName477,email477@script.net
,firstName465,lastName465,email465@script.net
,firstName158,lastName158,email158@script.net
,firstName802,lastName802,email802@script.net
,firstName256,lastName256,email256@script.net
,firstName963,lastName963,email963@script.net
,firstName105,lastName105,email105@script.net
,John,Doe,test@gmail.com
,firstName646,lastName646,email646@script.net
,firstName545,lastName545,email545@script.net
,firstName286,lastName286,email286@script.net
,firstName637,lastName637,email637@script.net
,firstName41,lastName41,email41@script.net
,firstName14,lastName14,email14@script.net
,firstName630,lastName630,email630@script.net
,firstName111,lastName111,email111@script.net
,firstName376,lastName376,email376@script.net
,firstName641,lastName641,email641@script.net

Seacoast Trail Riders,firstName663,lastName663,email663@script.net
,firstName798,lastName798,email798@script.net
,firstName348,lastName348,email348@script.net
,firstName10,lastName10,email10@script.net
,firstName262,lastName262,email262@script.net
,firstName243,lastName243,email243@script.net
,firstName942,lastName942,email942@script.net
,firstName997,lastName997,email997@script.net
,firstName210,lastName210,email210@script.net
,firstName192,lastName192,email192@script.net
,firstName946,lastName946,email946@script.net
,firstName345,lastName345,email345@script.net
,firstName709,lastName709,email709@script.net
,firstName53,lastName53,email53@script.net
,firstName27,lastName27,email27@script.net
,firstName977,lastName977,email977@script.net
,firstName379,lastName379,email379@script.net
,firstName481,lastName481,email481@script.net
,firstName839,lastName839,email839@script.net
,firstName863,lastName863,email863@script.net
,firstName757,lastName757,email757@script.net
,firstName884,lastName884,email884@script.net
,firstName273,lastName273,email273@script.net
,firstName438,lastName438,email438@script.net
,firstName796,lastName796,email796@script.net
,firstName17,lastName17,email17@script.net
,firstName135,lastName135,email135@script.net
,firstName979,lastName979,email979@script.net
,firstName865,lastName865,email865@script.net
,firstName337,lastName337,email337@script.net
,firstName12,lastName12,email12@script.net
,firstName913,lastName913,email913@script.net
,firstName818,lastName818,email818@script.net
,firstName122,lastName122,email122@script.net
,firstName96,lastName96,email96@script.net
,firstName486,lastName486,email486@script.net
,firstName42,lastName42,email42@script.net
,firstName124,lastName124,email124@script.net
,firstName103,lastName103,email103@script.net
,firstName458,lastName458,email458@script.net
,firstName535,lastName535,email535@script.net
,firstName823,lastName823,email823@script.net
,firstName494,lastName494,email494@script.net
,firstName759,lastName759,email759@script.net

Sullivan County ATV Club,firstName505,lastName505,email505@script.net
,firstName528,lastName528,email528@script.net
,firstName507,lastName507,email507@script.net
,firstName200,lastName200,email200@script.net
,firstName586,lastName586,email586@script.net
,firstName871,lastName871,email871@script.net
,firstName166,lastName166,email166@script.net
,firstName274,lastName274,email274@script.net
,firstName966,lastName966,email966@script.net
,firstName21,lastName21,email21@script.net
,firstName777,lastName777,email777@script.net
,firstName991,lastName991,email991@script.net
,firstName858,lastName858,email858@script.net
,firstName120,lastName120,email120@script.net
,firstName326,lastName326,email326@script.net
,firstName51,lastName51,email51@script.net
,firstName789,lastName789,email789@script.net
,firstName959,lastName959,email959@script.net
,firstName431,lastName431,email431@script.net
,firstName83,lastName83,email83@script.net
,firstName2,lastName2,email2@script.net
,firstName778,lastName778,email778@script.net
,firstName840,lastName840,email840@script.net
,firstName22,lastName22,email22@script.net
,firstName284,lastName284,email284@script.net
,firstName978,lastName978,email978@script.net
,firstName307,lastName307,email307@script.net
,firstName401,lastName401,email401@script.net
,firstName485,lastName485,email485@script.net
,firstName95,lastName95,email95@script.net
,firstName381,lastName381,email381@script.net
,firstName556,lastName556,email556@script.net
,firstName795,lastName795,email795@script.net
,firstName159,lastName159,email159@script.net
,firstName145,lastName145,email145@script.net
,firstName59,lastName59,email59@script.net
,firstName476,lastName476,email476@script.net
,firstName638,lastName638,email638@script.net
,firstName934,lastName934,email934@script.net
,firstName533,lastName533,email533@script.net
,firstName513,lastName513,email513@script.net
,firstName780,lastName780,email780@script.net
,firstName874,lastName874,email874@script.net
,firstName50,lastName50,email50@script.net
,firstName870,lastName870,email870@script.net
,firstName75,lastName75,email75@script.net
,firstName932,lastName932,email932@script.net
,firstName669,lastName669,email669@script.net
,firstName811,lastName811,email811@script.net
,firstName621,lastName621,email621@script.net
,firstName982,lastName982,email982@script.net
,firstName572,lastName572,email572@script.net
,firstName118,lastName118,email118@script.net
,firstName985,lastName985,email985@script.net
,firstName361,lastName361,email361@script.net
,firstName425,lastName425,email425@script.net
,firstName344,lastName344,email344@script.net
,firstName679,lastName679,email679@script.net
,firstName686,lastName686,email686@script.net
,firstName531,lastName531,email531@script.net
,firstName849,lastName849,email849@script.net
,firstName702,lastName702,email702@script.net

Sunset Riders ATV Club,firstName928,lastName928,email928@script.net
,firstName504,lastName504,email504@script.net
,firstName715,lastName715,email715@script.net
,firstName739,lastName739,email739@script.net
,firstName460,lastName460,email460@script.net
,firstName308,lastName308,email308@script.net
,firstName30,lastName30,email30@script.net
,firstName846,lastName846,email846@script.net
,firstName175,lastName175,email175@script.net
,firstName298,lastName298,email298@script.net
,firstName188,lastName188,email188@script.net
,firstName582,lastName582,email582@script.net
,firstName698,lastName698,email698@script.net
,firstName189,lastName189,email189@script.net
,firstName741,lastName741,email741@script.net
,firstName589,lastName589,email589@script.net
,firstName832,lastName832,email832@script.net
,firstName645,lastName645,email645@script.net
,firstName255,lastName255,email255@script.net
,firstName968,lastName968,email968@script.net
,firstName595,lastName595,email595@script.net
,firstName306,lastName306,email306@script.net
,firstName563,lastName563,email563@script.net
,firstName496,lastName496,email496@script.net
,firstName515,lastName515,email515@script.net
,firstName468,lastName468,email468@script.net
,firstName640,lastName640,email640@script.net
,firstName1,lastName1,email1@script.net
,firstName555,lastName555,email555@script.net
,firstName422,lastName422,email422@script.net
,firstName235,lastName235,email235@script.net
,firstName181,lastName181,email181@script.net
,firstName40,lastName40,email40@script.net
,firstName113,lastName113,email113@script.net
,firstName362,lastName362,email362@script.net
,firstName889,lastName889,email889@script.net
,firstName657,lastName657,email657@script.net
,firstName773,lastName773,email773@script.net
,firstName772,lastName772,email772@script.net
,firstName886,lastName886,email886@script.net
,firstName723,lastName723,email723@script.net
,firstName117,lastName117,email117@script.net
,firstName719,lastName719,email719@script.net
,firstName65,lastName65,email65@script.net
,firstName246,lastName246,email246@script.net
,firstName39,lastName39,email39@script.net
,firstName9,lastName9,email9@script.net
,firstName747,lastName747,email747@script.net
,firstName793,lastName793,email793@script.net

Umbagog ATV,firstName948,lastName948,email948@script.net
,firstName497,lastName497,email497@script.net
,firstName287,lastName287,email287@script.net
,firstName480,lastName480,email480@script.net
,firstName8,lastName8,email8@script.net
,firstName383,lastName383,email383@script.net
,firstName428,lastName428,email428@script.net
,firstName896,lastName896,email896@script.net
,firstName433,lastName433,email433@script.net
,firstName336,lastName336,email336@script.net
,firstName165,lastName165,email165@script.net
,firstName611,lastName611,email611@script.net
,firstName960,lastName960,email960@script.net
,firstName241,lastName241,email241@script.net
,firstName244,lastName244,email244@script.net
,firstName261,lastName261,email261@script.net
,firstName205,lastName205,email205@script.net
,firstName596,lastName596,email596@script.net
,firstName416,lastName416,email416@script.net
,Lucien,Pease,fakeemail@faker.com
,firstName955,lastName955,email955@script.net
,firstName400,lastName400,email400@script.net
,firstName905,lastName905,email905@script.net
,firstName399,lastName399,email399@script.net
,firstName664,lastName664,email664@script.net
,firstName197,lastName197,email197@script.net
,firstName649,lastName649,email649@script.net
,firstName808,lastName808,email808@script.net
,firstName634,lastName634,email634@script.net
,firstName521,lastName521,email521@script.net
,firstName722,lastName722,email722@script.net
,firstName784,lastName784,email784@script.net
,firstName340,lastName340,email340@script.net
,firstName690,lastName690,email690@script.net
,firstName444,lastName444,email444@script.net
,firstName411,lastName411,email411@script.net
,firstName899,lastName899,email899@script.net
,firstName841,lastName841,email841@script.net
,firstName536,lastName536,email536@script.net
,firstName305,lastName305,email305@script.net
,firstName509,lastName509,email509@script.net
,firstName493,lastName493,email493@script.net
,firstName6,lastName6,email6@script.net
,firstName198,lastName198,email198@script.net
,firstName530,lastName530,email530@script.net
,firstName33,lastName33,email33@script.net
,firstName418,lastName418,email418@script.net
,firstName767,lastName767,email767@script.net

