First Name, Last Name, Email
fake3,account,fakest@fake.coms
bb,bb,bb@bb.com
steve,wilkie,stevee@yahoo.com
t,l,tpen@yahoo.com
Zhizhang,Shen,zshen@goofy.org
steve,wilkie,steve.wilkie@yahoo.com
teresa,lambert,tll@yahoo.com
T,L,abc@yahoo.com
fake,account,fakest@fake.com
tester,please,testingissue@fake.com
test,test,reproduce@fake.com
b,b,f@f.com
bad,bad,f@foundit.com
bad,bad,fdfd@bad.com
new,new,new@new.com
ie is,bad,pleaseie@ie.com
test,test,testingifstillworking@testing.com
ma,go,mgmgm@plymouth.edu
